country,channel,best_model,r2,S_mean,Y_mean,marginal_return,elasticity,avg_roi_proxy
de,radio,logistic,0.1431,7320.947312680209,582167.2670157069,0.000397531369542871,4.999089396557303e-06,24.685127551103957
de,tv,adbudg,0.1875,809906.4675692847,582167.2670157069,-0.006387021312414431,-0.008885573206381843,0.264077397982571
gb,radio,adbudg,0.1092,6257.499765885868,677511.3794871795,0.706170428482637,0.006522194939737159,36.69010446305554
gb,tv,adbudg,0.0113,689548.9028928686,677511.3794871795,-0.0032025904588068328,-0.0032594917283263265,0.21236754034343153
us,radio,adbudg,0.3519,10804.412459858551,865615.0842105263,2.2627068037697228e-09,2.824259654157147e-11,40.375008873159274
us,tv,logistic,0.2717,4111012.971671876,865615.0842105263,0.017789422507309676,0.08448622028439043,0.06361446817683764
